2021-05-12,2021-06-10
 'vostokmedia.com'
Заголовки,Просмотры
Юрий Трутнев во Владивостоке: «Я бы взял за шиворот и мордой засунул»,108387.0
«Посоветовал бы продать»: Юрий Трутнев осмотрел исторический центр Владивостока,59565.0
"«Не бизнесмен, а беспредельщик»: случай на трассе обескуражил жителя Владивостока",52825.0
Дегтярев: пострадавшие от наводнения семьи получат от 10 до 100 тысяч рублей,46668.0
Циклон обрушит на Приморье сильные дожди — актуальный прогноз,41758.0
«Мужчин не было»: отдых девушек на острове Русский обернулся скандалом,40804.0
«Тут такие не нужны»: блогер испытал отвращение от Владивостока,40796.0
Комочки подросли: история с рыжей приёмной мамой получила продолжение в Приморье,39150.0
Испанский стыд: водитель из Владивостока увеличил размер и прославился в соцсетях,35260.0
«Ещё пять лет назад такого не было»: Трутнев — о ситуации в Приморье,32268.0

 'Переходы из поисковых систем'
Юрий Трутнев во Владивостоке: «Я бы взял за шиворот и мордой засунул»,105977.0
«Посоветовал бы продать»: Юрий Трутнев осмотрел исторический центр Владивостока,57984.0
"«Не бизнесмен, а беспредельщик»: случай на трассе обескуражил жителя Владивостока",51734.0
Дегтярев: пострадавшие от наводнения семьи получат от 10 до 100 тысяч рублей,41557.0
«Мужчин не было»: отдых девушек на острове Русский обернулся скандалом,40358.0
Комочки подросли: история с рыжей приёмной мамой получила продолжение в Приморье,38949.0
Циклон обрушит на Приморье сильные дожди — актуальный прогноз,38839.0
«Тут такие не нужны»: блогер испытал отвращение от Владивостока,36973.0
«Ещё пять лет назад такого не было»: Трутнев — о ситуации в Приморье,30885.0
Испанский стыд: водитель из Владивостока увеличил размер и прославился в соцсетях,28279.0

 'Google Discover'
Дегтярев: пострадавшие от наводнения семьи получат от 10 до 100 тысяч рублей,39399.0
Юрий Трутнев во Владивостоке: «Я бы взял за шиворот и мордой засунул»,23619.0
Всемирный день защиты окружающей среды прошёл во Владивостоке,22782.0
«Сроки вышли»: опубликовано видео разговора Трутнева и Кожемяко об отставке Гуменюка,20344.0
Запретить смартфоны предложили в приморских школах,19601.0
Циклон обрушит на Приморье сильные дожди — актуальный прогноз,15244.0
Готовьте тару: во Владивостоке отключат холодную воду — список адресов,14857.0
«Тут такие не нужны»: блогер испытал отвращение от Владивостока,13372.0
«Борьба за титул»: водитель нежно-кораллового авто обескуражил жителей Владивостока,11974.0
Испанский стыд: водитель из Владивостока увеличил размер и прославился в соцсетях,11368.0
